Image,Status,Extracted Text,Ground Truth Text,Missing Words,Word Accuracy (%),Levenshtein Similarity
Buendia-Instruccion_pdf_page_1_png.rf.31aa8df6b8ac0193ef53ed053f55ba65,"Correct (Word Accuracy: 97.14%, Levenshtein Similarity: 0.69)",1e m ee dg __jw hr tir como niño entre los doétores se consagra humilde ella pequeña jnftruccion de los niños es afst que ella rambien se dirige 4 laju ventud pero delta como recucr do de lo que aprendió los nis hos como precisa explicacion de lo que deben eftudiar por ele so lagituloes muy vuesira y por ser para niños que consiais 4 la educacion de vuesira compañía lo es mucho mas en vos divi no esemplar de todas las virtss des ticnen abreviado el mas f q gura insinitamente amable inennití amable nino eesus s dulcikimo niño exsa e el lu6 de,"Vos , Dulcifsimo Niño
JESUS , que no folo os 
dignafteis de llamaros 
Doctor de los Niños , 
fino tambien de aſsif
tir como Niño entre los Doctores ,
ſe confagra humilde eſta pequeña
Inſtruccion de los Niños . Es aſsi ,
que ella tambien ſe dirige à la ju-
ventud ; pero à eſta , como recuer-
do de lo que aprendió , à los Ni-
ños , como preciſa explicacion de
lo que deben estudiar . Por eſte ſo-
lo titulo es muy vueſtra ; y por
fer para Niños , que confiais à la
educacion de vueſtra Compañia ,
lo es mucho mas . En Vos , ( Divi-
no Exemplar de todas las virtu-
des ) tienen abreviado el mas ſe-
guro
NIÑO
INFINITAMENTE 
Ex/ſai.33: 
19
. Et Luc. 2.
46.
AMABLE
JESUS.","__jw, lagituloes, inennití",97.14285714285714,0.6890343698854338
Buendia-Instruccion_pdf_page_2_png.rf.3dfe8354b705915ab7602b31ca902f74,"Correct (Word Accuracy: 96.37%, Levenshtein Similarity: 0.27)",viísimos abrazos dichosa edad msito que o5 mereció tan regalados ca riños y pues en la celesial jern saltn no ha mudado de condicion vuehra benignidad proseguid 5 niño tierno y díos eterno proseguid en bendecirls y savo recerles sean tan servorosamen te devotos de vuelira admirable ce 81 manns que e porten como sas hijos y hermanos de leche con vos serin sabios f sueren caf 597 108 que no entra vuelira sabi duría donde no ay mucha pure 24 de conciencia crezcan en vueftro anto temór y amor co como enlos añosy mucho mas adelantense en a virtud como en las letras y mucho mas haf 44 exbe es que lleguea por vuchra mi 41 tacion 4 ser varones perseños y consamados agradibles 4 vueliros ojos y provechosos 4 la republica que libra casi to de f seizidad en la accrrada erian urodiseño 1u edad la relis gion paracon dios en la devora afsiltéciad los templosla piedad con los padres en la obediencia más rendida r modellia y des seo de saber y con los mayores guftando mas de oir y pregun tarque de desiniry resolverbien que eo 2a vueftra insicita sabi duria sue soberana dignacion y en la natural ignoranciz de los niños es indifpensable necefsi dad ni tienen solamente en vos el diseño la luz y el evemplo sino tambien el amor y protec cion vos como singularmael ero de los niños les dais enten dimiento y comunicais la sabi duriavos es promereis el reyno delosciclos y as indignais con quien les aparta de vos y les propóneis por norma_ del cam dór inocencia y chrifttana ho mildad vuelro amor parece que n0 pudo explicarse mas cierno y liberal con los niños pues no contento de echasles vueliras dis divi aerlto a de eparft 4 c u e eca,"guro diſſeño de su edad : la Reli-
gion para con Dios en la devota
aſsiſtécia à los Templos ; la piedad
con los Padres en la obediencia
mas rendida ; la modeſtia , y de-
feo de faber , con los mayores ,
guſtando mas de oir , y pregun-
tar , que de definir , y reſolver . Bien
que eſto en vueſtra infinita Sabi-
duria fuè ſoberana dignacion , y
en la natural ignorancia de los
Niños es indiſpenſable neceſsi-
dad .
Ni tienen folamente en Vos
el diſſeño , la luz , y el exemplo ,
ſino tambien el amor , y protec-
cion . Vos , como ſingular Maef-
tro de los Niños , les dais enten-
dimiento , y comunicais la ſabi-
duria . Vos les prometeis el Reyno
de los Cielos , y os indignais con
quien les aparta de Vos , y les
proponéis por norma del can-
dór , inocencia , y chriſtiana hu-
mildad . Vueſtro amor parece que
no pudo explicarſe mas tierno , y
liberal con los Niños , pues no
contento de echarles vueſtras di-
divi-
Pſal.114.6.
118.130.
18.8.
Mattb . 19.
14-
Marci, 10.
14.
Matt. 18.
2. &c.
Luc. ibid.
divinas bendiciones , les uniſteis
á vuestro ſagrado pecho con ſua-
viſsimos abrazos . Dichofa edad ,
que os mereció tan regalados ca-
riños !
Y pues en la celeſtial Jeru-
ſalèn no ha mudado de condicion
vuestra Benignidad , proſeguid ,
ò Niño tierno , y Dios Eterno ,
proſeguid en bendecirles , y favo-
recerles . Sean tan fervoroſamen-
te devotos de vueſtra Admirable
MADRE , que ſe porten como ſus
hijos , y hermanos de leche con
Vos . Seràn ſabios , ſi fueren caf-
tos ; que no entra vueſtra Sabi-
duria , donde no ay mucha pure-
za de conciencia . Crezcan en
vueſtro ſanto temór , y amor , co-
como en los años , y mucho mas .
Adelantenſe en la virtud , como
en las letras , y mucho mas ; haf-
ta que lleguen , por vueſtra imi-
tacion , à ſer varones perfectos ,
y confumados , agradables á
vueſtros ojos , y provechofos á
la Republica , que libra caſi to-
da ſu felizidad en la acertada
crian-
Marci . 10.
16-
Cant 8.1
Sap . 1. 4 .
Ad Epheſ
4. 13.","exbe, urodiseño, paracon, afsiltéciad, tarque, resolverbien, singularmael, duriavos, delosciclos, aerlto, eparft",96.36963696369637,0.27007299270072993
Buendia-Instruccion_pdf_page_3_png.rf.1507d0da8b268b462acb22ac7fc676b4,"Correct (Word Accuracy: 91.63%, Levenshtein Similarity: 0.40)",de orden del nuftre señor doñ friz cifco de baliero y de vilsnz dr en ambos drechos canonigo y sastiftán dignidad de la anta lgl de gerona y vicario general por el luftrifsimo señor d balthasar de baftéro y lledo obifpol de geronadel consejo de su mageftadcg hevilto un librico cuyo titulo es 754 aruecion de coriflana y política cortesóa mla g su anhor d sauto aguftin de buendia colegial que suz en el imperial de cordellas ec y brevemente digoy no solo quenada contiene contra la ee y1 buenas coftumbres sino que muy atento el author con entrambas defcribe y en señatan culta y disereta la virtud cos mo santa la policia y urbanidad los sehoritos que se criáren con eftos do cumentos merecetán quado hombres aver nacido señores porque no solo sa brán ser caballeros sino umbi b le eelánza de la niñkr ari c divinibimo niño por vueñra gracia 6i sea a vuelra mas yor gloria amen censura del r p antonto co dernla de la compañila de jesus maf su de thrdlogha exeminador yed e ls o d gn u el7 barceoma pes censura del r p antonto coy dornka de la compañla de jesus massa m1usu de theologls exsminador syrodal de ls obgmmamu u ye y bareelono ye censt ae,"crianza de la Niñez . Afsi sea;
Divinifsimo Niño , por vuestra
gracia , afsi sea , à vuestra ma-
yor gloria. Amen .
CENSURA DEL R. P. ANTONIO COA
dorniu de la Compañia de Jesus , Maef-
tro que fuè de Theologia , Examinador
Synodal de los Obiſpados de Gerona , Ura
gel , y Barcelona , &c.
E orden del Iluſtre Señor Don Fran-
cifco de Baſtèro y de Vilana , Dr. en
ambos Drechos , Canonigo , y Sacriſtàn
Dignidad de la Santa Igieſia de Gerona , y
Vicario General por el lluſtriſsimo Señor ,
D. Balthafar de Baſtèro y Lledò , Obiſpo
de Gerona , del Conſejo de ſu Mageſtad , &c.
He viſto un Librito , cuyo titulo es : Inf-
truccion de Chriſtiana , y Politica Corteſa-
nia , &c. Su Author D. Fauſto Aguſtin de
Buendia , Colegial que fuè en el Imperial
de Cordellas , &c. Y brevemente digo ,
no ſolo que nada contiene contra la Fé , y
buenas coſtumbres , ſino que muy atento
el Author con entrambas , deſcribe , y en-i
ſeña tan culta , y diſcreta la Virtud , co-
mo ſanta la Policia , y Urbanidad . Los
Señoritos , que ſe criaren con estos do-
cumentos , mereceràn , quando hombres ,
aver nacido Señores . Porque no ſolo ſa-
bran ſer Caballeros , ſino tambien à lo
Caba-
CENSU.
D","nuftre, baliero, sastiftán, luftrifsimo, geronadel, mageftadcg, hevilto, 754, coriflana, quenada, señatan, umbi, eelánza, dernla, thrdlogha, massa, m1usu, obgmmamu",91.62790697674419,0.4022589052997394
Buendia-Instruccion_pdf_page_4_png.rf.e61e9006b4ab8ce295831033c8f265de,"Correct (Word Accuracy: 97.91%, Levenshtein Similarity: 0.74)",cabaliero muy santos por rodo lo qual 4 mas de la licencía que solicita mes rece el cortesano zelo del anthor muchas gracias de quantos se interesían en tan primorosa como necelaria educacion de la primera edad de los nobles de cu yo aciereo fc deriva la primera utilidad y decoro 4 la republica ag lo sicn 10 salvo bc en efte colegio de san martin de la compañia de jefs de geros na 1 de julio de r740 deorden de v a be vito el librito que conel titulo de políticay chrif slana cortesania ór desea sacar 4 luz el señor d saufto aguítin de buendia pa sa darlc todos com el conciertoque presa eribe para las operaciones que cada mno debe praicar defde el ofrecimiento de las obras por sa mañana hasa el examen de 1a conciencia ultima disigencia que debe cerrar muefras cartas antes de cone eeder al cuerpo bídn defcanso para tomaraos diariameshte cuenta de todas las partidas del cargo y deícargo como la hemos antonio codorniz de la compañia de jesus die 15salil 1740 imprimarur de basiero vis gen o off cens censura del r p marlano albe censura del r p mariano albe rid de 1cmim jesas catbedra tico ontes de theologla en el calegio de barselona 0y presetro de sur eftadios retor que d del colegio e cordelas y degerona calisiador del santo osiio exeminador synodal de musbos olifpa dos es xx,"Antonio Codorniu , de la
Compañia de Jeſus 
Die 15. Julii , 1740 .
Imprimatur.
De Baſtéro Vic . Gen. & Offic .
Caballero muy Santos. Por todo lo qual ,
á mas de la licencia , que ſolicita , me-
rece el Cortefano Zelo del Author muchas
gracias de quantos ſe intereſſan en tan
primorofa , como neceſſaria educacion
de la primera edad de los Nobles : de cu-
yo acierto ſe deriva la primera utilidad ,
y decoro à la Republica . Afsi lo ſien-
to , ſalvo , &c. En efte Colegio de San
Martin de la Compañia de Jeſus de Gero-
na , á 15. de Julio de 1740 .
E orden de V. A. he viſto el Librito ,
que con el titulo de Politica , y Chrif-
tiana Corteſania , &c. defea facar à luz el
Señor D. Fauſto Aguſtin de Buendia , pa-
ra darle à todos con el concierto , que pref-
cribe para las operaciones , que cada uno
debe practicar , deſde el ofrecimiento de
las obras por la mañana , hafta el examen
de la conciencia , ultima diligencia , que
debe cerrar nuestras tarèas , antes de con-
ceder al cuerpo el debido deſcanſo , para
tomarnos diariamente cuenta de todas las
Partidas del cargo , y deſcargo , como la
hemos
D
CENSURA DEL R. P. MARIANO ALBE-
rich de la Compañia de Jefus , Cathedra-
tico antes de Theologia en el Colegio de
Barcelona , ( oy Prefecto de fus Eftudios )
Retor que fuè del Colegio de Cordellas , y
de Gerona , Calificador del Santo Oficio ,
Examinador Synodal de muchos Obiſpa-
dos , &c.
M.
P.
S.
CENSU.","conciertoque, muefras, bídn, 15salil, 1cmim",97.90794979079497,0.740968485780169
Buendia-Instruccion_pdf_page_5_png.rf.e356bea28e4331a8e366668521c25238,"Correct (Word Accuracy: 98.42%, Levenshtein Similarity: 0.93)",hemos de dár en otro mas severo eribuz mal quien 4 ee pequeño volumen mis diere por el cuerpo no le dará la elimas cion que se merece pero quien aendiea reála mucha alma que encierra sorma rá el debido concepto de su preciosidad cosas 2y que se celebran por lo agigans tado como el coloso y las ay tambien como el niño de bruto que tuvieron igual aplauso por aver reducido cai d puntos indivisibles todo el artísio de cosís grandes ag ay authores que han lenado de líbros grandes los esan tes actedirandose hafta con el oro que luce en sus cubiertas otros con no menor aciertohan dado á luz libritos may samiliares que se dexan rratar d todos horas compañeros inseparables de sus dueños los quales yá en las cubiertas llevan aquella inseripcion 6 elogio que dió el acuminoso marcial 4 sus elcritos me manas una capit y como seria me cedad querer eltimar el valor de el día mante antes por la grandeza que n0 tiene que por los sondos con que le hurta al sol los rayos en la preciosá bri llantez de sus resexos asi lo seria no colocar entre las joyas de mayor 1í_fcn e e sibrico todo luz y todo alma bien pudiera el señor d sauño aguftin mof frar en otros asuntos u mucha erudia cion con libros correfpondientes d da acredirada sibiduría pero no sé si en todos ellos pudiera gualmente aereditas f piedad para con dios si 2lo para con los proximos i ser de gual prove cho pará sos almas con eño he dicho quan digno es de que y a le concedz d licencia que solicita para que im prima y corra librementes ojala en las manos de todos prafticando quanto en el se preseribe afsilosiento salvo siem pre dic barcelona y junio 14de 17404 marlane alberisb de la compañie de jesua suma,"hemos de dár en otro mas ſevero tribu-
nal . Quien à eſte pequeño volumen mi-
diere por el cuerpo , no le darà la eſtima-
cion , que ſe merece : pero quien atendie-
re á la mucha alma , que encierra , forma-
rá el debido concepto de ſu precioſidad .
Cofas ay , que ſe celebran por lo agigan-
tado , como el Colofo : y las ay tambien ,
como el Niño de Bruto , que tuvieron
igual aplauſo , por aver reducido caſi á
puntos indivifiibles todo el artificio de
coſas grandes . Afsi ay Authores , que
han llenado de libros grandes los eſtan-
tes , acreditandoſe haſta con el oro , que
luce en ſus cubiertas : otros , con no
menor acierto , han dado á luz libritos mas
familiares , que ſe dexan tratar à todas
horas , compañeros inſeparables de ſus
dueños : los quales yà en las cubiertas
llevan aquella inſcripcion , ó elogio , que
dió el acuminoſo Marcial á ſus eſcritos :
Me manus una capit . Y como ſeria ne-
cedad , querer eſtimar el valor de el dia-
mante , antes por la grandeza , que no
tiene , que por los fondos , con que le
hurta al Sol los rayos en la precioſa bri-
llantèz de ſus reflexos : aſsi lo ſeria no
colocar entre las joyas de mayor precio
eſte
eſte librito , todo luz , y todo alma . Bien
pudiera el Señor D. Fauſto Aguſtin mof-
trar en otros afſuntos ſu mucha erudi-
cion con libros correfpondientes à ſu
acreditada ſabiduría ; pero no sé fi en
todos ellos pudiera igualmente acreditar
ſu piedad para con Dios , ni ſu zelo para
con los proximos , ni ſer de igual prove-
cho para ſus almas . Con eſto he dicho ,
quan digno es de que V. A. le conceda
la licencia , que ſolicita , para que ſe im-
prima , y corra libremente ; ojala en las
manos de todos , practicando quanto en
el ſe preſcribe . Afsi lo ſiento , ſalvo ſiem-
pre , &c. Barcelona , y Junio 14. de 1740.
Mariano Alberich de la
Compañia de Jefus .
SUMA","reála, artísio, aciertohan, 1í_fcn, afsilosiento",98.41772151898735,0.9307105108631826
Buendia-Instruccion_pdf_page_6_png.rf.4d6abc7647183e67c3ba93ea8d71e938,"Correct (Word Accuracy: 96.04%, Levenshtein Similarity: 0.61)",de la obra a devocion y aseño que delde mis l tiernos años prosefse 4 la sagrada religion de 1a compañía de jesus y la prosedare erernamente como hijo el mas reconocido d tan eftogida madre me obligó 4 efcrivir y dar a la elampa efta infruccion para sus señores colegiales sin que por elío se niegue d servir los de mis séñoritos que no lo saeren y aun que la compañia mas por si conocida atencion que por el merito que yo no tengo recibirá con gulto eflc mi able quío todavia por dirigiríe 4l culivo de aquellas plantas que la divina pro videncia por medio del gran partiarca tonacio só al caydado zcloso de su de licada mano é yoy lo sé muy bien que e merecerá elta obrita la primera apcov bacion juzgo que nadie ignora quanto trabaja la compañia en la crianza de los miños en sus colegios tartz igualmente penosa que provechosa para guardar les del mal infruirles en el biens y que por esío les enseña las buenas lm_sn para insor motivo del author y razon de la obra suma del privilegio lis d manuel licardo de ribrra corresh gen porsu megesad moti d pedro manuel de contreras tassa añaroa los señores del consejo eñe libro intitulado 2nfraccion de ctrisiona y palítica cortesania i seis maravedis cadapliego como conta de su original madridy agoflo d 22 de 1740 d pedro manaal de contreras ser de erratas f5t libro inticolado 2mfrucion de ctriflanay política cortesania cor vefponde en todo con f original madrid d 0 de agoflo de 1740 yene licencia de su magesad don sauño agusin de buendia para que por una vez pueda imprimir ele libro intitulado infruerios de chrisims y polítca cortesanis como mas argamied teconfta de h original madrid y julio 48 de 1790,"MOTIVO DEL AUTHOR , Y RAZON
de la Obra .

A devocion , y afecto , que deſde mis
tiernos años profeſsè à la Sagrada
Religion de la Compañia de Jesus , y la
profeſſare eternamente , como hijo el mas
reconocido á tan efcogida Madre : me
obligó à eſcrivir , y dar a la Eſtampa eſta
Inſtruccion para ſus Señores Colegiales ,
fin que por eſſo ſe niegue à ſervir à los de-
màs Séñoritos , que no lo fueren . Y aun-
que la Compañia , mas por ſu conocida
atencion , que por el merito , que yo no
tengo , recibirà con guſto eſte mi obſe-
quio ; todavia , por dirigirſe al cultivo
de aquellas Plantas , que la Divina Pro-
videncia , por medio del Gran Patriarca
IGNACIO , fió al cuydado zeloſo de ſu de-
licada mano : sé yo , y lo sé muy bien , que
le merecerà eſta Obrita la primera apro-
bacion .
Iene licencia de ſu Mageſtad Don
Fauſto Aguſtin de Buendia para que
por una vez pueda imprimir eſte Libro ,
intitulado : Inſtruccion de Chriſtiana , y
Politica Corteſania , como mas largamen-
te conſta de ſu original . Madrid , y Julio
à 8. de 1740 
D. Pedro Manuel de Contreras .
T A S S A .
SUMA DEL PRIVILEGIO .
Juzgo , que nadie ignora , quanto
trabaja la Compañia en la crianza de los
niños en ſus Colegios ( tarèa igualmente
penoſa , que provechoſa ) para guardar-
les del mal , è inſtruírles en el bien ; y que
por eſſo les enfeña las buenas letras , para
infor-
T
Chriſtiana , y Politica Corteſania , à ſeis
maravedis cada pliego , como conſta de ſu
original . Madrid , y Agoſto á 22. de 1740 .
D. Pedro Manuel de Contreras .
FEE DE ERRATAS .
Ste Libro , intitulado : Inſtruccion de
Chriſtiana , y Politica Corteſania , cor-
reſponde en todo con ſu original . Madrid
à 20. de Agoſto de 1740 .

Lic . D. Manuel Licardo de Ribera ,
Correct . Gen. por ſu Mageſtad .
MOTI-
T
E
Affaron los Señores del Conſejo eſte
Libro , intitulado : Inſtruccion de","infruirles, lm_sn, añaroa, 2nfraccion, ctrisiona, cadapliego, 2mfrucion, ctriflanay, infruerios, chrisims, argamied, teconfta",96.03960396039604,0.6071849234393404
Ezcaray-Vozes_pdf_page_10_png.rf.e098b341498eb1b0f3eabdf7c1392a83,"Correct (Word Accuracy: 97.52%, Levenshtein Similarity: 0.94)",en los caxones de palacio dóride por mis pecados le rienen los de come diasy otras cosas que somentá la pro sanidad mas por criado de v i efpero suba hafta el mas superior dosel y que dios deba a vs 1 laresorma de efta corruptela en que efta viciada roda la naturaleza en los rerminos de efta dedicatoria no cabe lo que es 7 lni lo que es notorio a ambos mundos ay necefflidad de re serirlo mayor panegirifta pedia tanto empeño a mi me bafta saber años ha que conozco a vsl y a rodo el orbe efcuchar que mas tiene la verdad que poderdezir de vslguesabe singir en va pretendiente la adulacion todavia no eft cultivado eftc inu til rronco para que de fruro sazonado eftarálo con la ayuda de dios y ya que yono tengo la dicha por la diftancia de que su mageftad me oyga y de def empeñar el insorme de vs l sudaran las,"en los caxones de Palacio , donde ( por
mis pecados ) le tienen los de Come-
dias , y otras coſas , que fomenta la pro-
fanidad ; mas por criado de V. I. eſpero
ſuba haſta el mas ſuperior doſel , y que
Dios deba a V. S. I. la reforma de eſta
corruptela , en que eſtà viciada toda la
naturaleza .
En los terminos de eſta dedicatoria
no cabe lo que es V. I. ni lo que es notorio
a ambos mundos ay neceſſidad de re-
ferirlo . Mayor Panegiriſta pedia tanto
empeño : a mi me baſta ſaber ( años ha ,
que conozco a V.S.I. ) y a todo el orbe
eſcuchar , que mas tiene la verdad , que
poder dezir de V.S.I. que ſabe fingir en
vn pretendiente la adulacion.
Todavia no eſtà cultivado eſte inu-
til tronco para que de fruto ſazonado :
eſtaràlo con la ayuda de Dios ; y ya que
yo no tengo la dicha ( por la diſtancia )
de que ſu Mageſtad me oyga , y de def-
empeñar el informe de V. S. I. ſudaràn
las","dóride, necefflidad, poderdezir, vslguesabe",97.51552795031056,0.9416058394160584
Ezcaray-Vozes_pdf_page_11_png.rf.86e6c9ec0da33433ac03c9ffbe7ee12c,"Correct (Word Accuracy: 96.34%, Levenshtein Similarity: 0.48)",frantonio de excaray las prensas efto es dar vozes los mol des y ilegaransi conviniere hafta eíth corre n señor luftridimo b l m de v s i con el debido rendimiento su criadoy capellan pare a ottc en el interin intenro agradecer lo que debo encomendandoa diosa v s l y suplicarle profptre y dilare su tl persona en la mayor grendeza y que defpues de muchos siglos en efta vida consiga en la orra muchas coro nas erc señor lluftrisimo,"las prenſas ( eſto es dar vozes los mol-
des ) y llegaràn , fi conviniere , haſta eſſa
Corte .
En el interin intento agradecer lo
que debo , encomendando a Dios a V.
S. I. y ſuplicarle profpère , y dilate ſu
Ilma . perſona en la mayor grendeza , y
que deſpues de muchos ſiglos en eſta
vida , configa en la otra muchas Coro-
nas , &c.
Señor Iluſtriſſimo
B. L. M.
de
V. S. I
con el debido rendimiento
ſu criado , y Capellan
Fr. Antonio de Ezcaray.
PARE.","ilegaransi, luftridimo, lluftrisimo",96.34146341463415,0.47916666666666663
Ezcaray-Vozes_pdf_page_1_png.rf.868929ed16b784a193913d60a4cbc062,"Correct (Word Accuracy: 93.48%, Levenshtein Similarity: 0.49)",eyo cupado en cl exercicio de __xfº k de las mifsiones en el z n y r obifpado de guadala eza aa recibivna de vsi a en que nté d noticia de como su magetftad que dios guarde se avia servido de honrarme con la murced de su predicador y como no íc opone la predicacion de su mngeí radala apoftolicatuve por de midbli gucidnm1íf et fkvor rindicndo a vslvel agradecimiento el rey mi señor que dios guarde hizo la gracia mas a vse se le debe que por mas frutos que diera la tierrá de promifsion no los lograra moyses ííjusucy caleb no los sácafsen dos sacaron el fruro y de ambos necefsito para hallar yn simil proporcionado ala grandeza de vsi a señor ilvstríssimo mereca de 1u i redicaciórn yy ccoomonoa 1c opone la predicacion de su mageí radala apoftolicatuve por de mi dbli gacidnf1ífffvór rindiendo a vslel agradecimiento el rey mi señor que dios guarde hizo la gracia mas a vst se le debhe que por mas frutos que diera la tierrá de promifsion no los lograra moyfcs íijosucy caleb no los sácafsen dos secaron el fruto y de ambos necemsito para hallar yn simil proporcionado ala grandeza de vsil a señor ilvstrissimo yia cupado en cl exercicio e7 aud u e las misones en el a e 7 r obifpado de guadala aa ararecibivia de vsi,"Cupado en el exercicio
de las Miffiones en el
Obifpado de Guadala-
xara , recibi vna de V.S.I.
en que me dà noticia de
como ſu Mageſtad ( que Dios guarde )
ſe avia ſervido de honrarme con la
merced de ſu Predicador ; y como no
ſe opone la predicacion de ſu Mageſ-
tad a la Apoſtolica , tuve por de mi obli
gacion admitir el favor , rindiendo a
 V.S.I. el agradecimiento .
El Rey mi ſeñor ( que Dios guarde )
hizo la gracia ; mas a V.S.I. ſe le debe :
que por mas frutos , que diera la tierra
de Promiſſion , no los lograra Moyſes ,
fi Joſue , y Caleb no los ſacaffen . Dos
ſacaron el fruto , y de ambos neceſſito ,
para hallar vn fimil proporcionado a la
grandeza de V.S.I.
A
SEÑOR
 ILVSTRÍSSIMO.","__xfº, recibivna, apoftolicatuve, midbli, gucidnm1íf, vslvel, ííjusucy, mereca, redicaciórn, ccoomonoa, apoftolicatuve, gacidnf1ífffvór, vslel, íijosucy, ararecibivia",93.47826086956522,0.4909983633387889
Ezcaray-Vozes_pdf_page_2_png.rf.fef088e98e91e58808aeda8644ad827c,"Correct (Word Accuracy: 95.62%, Levenshtein Similarity: 0.89)",a eftos dos nombres dn mifterio sas interpreraciones los sagrados in rerpretes a caleb le llaman quafr cor y ajolue domias sasorcorazonseñor 3ulvador y todos tres signisicados hallan en vl siendo encl minifterio de patriarca el aaron de palacio el sa cerdore grmdc de la gasa real en cu yo pecho mejor que enel racional fc lee verdad y dottcina para que como en animado pectoral de disereciones de canse el corazon de su magettad es rambien vi corezanociory salta dor de todaba chriftiandad en los rey nos de efpaña pues por su minifterto aimiracion del corazon divida efpiri rual alisalmis para que salven re particado la bala de la sanra cruzada alos sicles los primeros comilsirios de cru zada qu huvo sueron josuey calcb noesarrojo de predicador sino mre ligencia de eleriprurario pues en vn eí,"A eſtos dos nombres dan miſterio-
fas interpretaciones los Sagrados In-
terpretes . A Caleb le llaman Quafi cor ,
y a Joſue Dominus Salvator ; Corazon , Señor ,
y Salvador . Y todos tres ſignificados ſe
hallan en V. I. ſiendo en el miniſterio
de Patriarca el Aaron de Palacio , el Sa-
cerdote grande de la Caſa Real , en cu-
yo pecho mejor , que en el racional , ſe
lee Verdad , y Doctrina , para que como en
animado Pectoral de diſcreciones , def-
canſe el corazon de ſu Mageſtad .
Es tambien V. I. Corazon , Señor , y Salva-
dor de toda la Chriſtiandad en los Rey-
nos de España , pues por ſu miniſterio ,
a imitacion del corazon , da vida eſpiri-
tual a las almas para que ſe falven , re-
partiendo la Bala de la Santa Cruzada
a los fieles .
Los primeros Comiſſarios de Cru-
zada , que huvo , fueron Joſue , y Caleb
( no es arrojo de Predicador , ſino inte-
ligencia de Eſcripturario ) pues en vn
leño","sasorcorazonseñor, grmdc, corezanociory, alisalmis, noesarrojo, eleriprurario",95.62043795620438,0.8898203592814371
Ezcaray-Vozes_pdf_page_3_png.rf.c16fa0e71af0a5b67f369c042445e4a8,"Correct (Word Accuracy: 98.11%, Levenshtein Similarity: 0.95)",leñoa elombro sacaron el razimo de la tierra de promiftiosombray sigura de jesu chrifto nueltro redempror pendiente del sacrosanto aibol en cuya virrud se nos prdonan las cul pas efto es bula y porque todo nace de aquella preciosiima sangre derra mada en la cruz se llama bula de la santa cruzada josue y caleb la sa caron y la publicaron a el pueblo y a no ser incredulos huvieran entrado to dos en la rierra de promifson no acaso llamd el sacro texto cerrojo gquem poreáverunt n velle a el leño en quien pendia el razimo porque si quitados los cerrojos se abren las puer tas por aquel razimo pendiente fc frá queaba la entrada a la tierra de promif sion qutes diftribuir la bula sino sa cilitar la entrada a la bienaventuranca en efta deffco ver a vsl y todolo que no eseftoes nada y sia sosue y caleb su sé los introduxo en la rierra que,"leño a el ombro facaron el razimo de
la tierra de Promiſſion , ſombra , y figura
de Jefu Chriſto nuestro Redemptor ,
pendiente del Sacroſanto Arbol , en
cuya virtud ſe nos perdonan las cul-
pas : eſto es Bula , y porque todo nace
de aquella precioſiſſima Sangre derra-
mada en la Cruz , ſe llama Bula de la
Santa Cruzada . Joſue , y Caleb la ſa-
caron , y la publicaron a el pueblo ; y a
no ſer incredulos huvieran entrado to-
dos en la tierra de Promiſſion .
No acaſo llamò el Sacro Texto
Cerroje (quem portaverunt in vecte) a el leño
en quien pendia el razimo ; porque ſi
quitados los cerrojos ſe abren las puer
tas , por aquel razimo pendiente ſe fra-
queaba la entrada a la tierra de Promif-
fion . Què es diſtribuir la Bula , fino fa-
cilitar la entrada a la Bienaventurança ?
En eſta deſſeo ver a V.S.I. y todo lo
que no es eſto , es nada . Y ſi a Joſue , y
Caleb ſu fé los introduxo en la tierra ,
que","promiftiosombray, deffco, eseftoes",98.11320754716981,0.9461358313817331
Ezcaray-Vozes_pdf_page_4_png.rf.4f9c82f89565fac28f0c83d29d271ea4,"Correct (Word Accuracy: 85.16%, Levenshtein Similarity: 0.42)",diante sus virrudes en la bienaventn ranga en moysesque logró el frurohallo para mialgun cotejo pues dize de si quien ay yo para bablar al rey no soy eloquen y 1e para sar fs predicador quis sam ego vt va dam ad saraonem obsecro domine non sum elo quensce es moyses defcalgo y su osi cio mifsionero pues como yo intento sacar a las almas del cautiverio delas culpas vl sacd del de saraon asus her manos los ifraeliras algo intentara dezir enel signisica do de josue y caleby en sus heroycos hechos y virtudes aplicandolos a v st pues la efcritura ranto los celebra mas soy mifsionero y temo no me re prehenda s pablo cam efjem parvulas lo quebar vt parvulusápiebam vt parvulas cogi 21bam vt parvelos guando antemsaelas sum que antes examinaron representacion de la gloriapara que corra vsi parc jas en todo conellosefpero verle mc diante sus virrudes en la bienaventu,"que antes examinaron , repreſentacion
de la gloria ; para que corra V.S.I. pare-
jas en todo con ellos , eſpero verle ( me-
diante ſus virtudes ) en la Bienaventu-
rança .
En Moyſes , que logró el fruto , hallo
para mi algun cotejo , pues dize de ſi :
Quien ſoy yo para hablar al Rey ? No ſoy eloquen-
te para fer ſu Predicador . Quis ſum ego vt va-
dam ad Faraonem ? Obſecro Domine non ſum elo-
quens , &c . Es Moyſes deſcalço , y ſu ofi-
cio Miſſionero : pues como yo intento
facar a las almas del cautiverio de las
culpas , èl ſacò del de Faraon a ſus her-
manos los Iſraëlitas .
En eſta deſſeo ver a V.S.I. y todo lo
que no es eſto , es nada . Y ſi a Joſue , y
Caleb ſu fé los introduxo en la tierra ,
que","moysesque, frurohallo, ifraeliras, intentara, dezir, signisica, heroycos, hechos, aplicandolos, efcritura, celebra, prehenda, efjem, parvulas, quebar, parvulusápiebam, parvulas, 21bam, parvelos, guando, antemsaelas, gloriapara, conellosefpero",85.16129032258064,0.41983852364475205
Ezcaray-Vozes_pdf_page_5_png.rf.980cbf28c56184e9479183c5ad900f30,"Correct (Word Accuracy: 85.71%, Levenshtein Similarity: 0.69)",birrevacuavi que evant parveli quando vnohazc eftremos dezi mosque roma el cielo con las manos y es áccion natural levantarlas el dolo rido poreftarlo mi corazon las levan t5 hafta el cielo de vs i parahallar en el consuelo noacaso llam a eltos borrones ozes del dolor porque si pare ciere extremo la accion de dedicarlos avvi la difculpe lo dolorido y lleguen eftas vozes mas hijas del sentimiento que del eftudio hatta los pies de vi son tributo por emo van a sus piesno a susajos que aa merecen vilta ran cla xani vs81por ningua titulo eftá com prehendido en el amimpro eftrañara alguno que debiendo a vsl el ser predicador de sir magef xadnole aya dedicado vn libro de ser mones y leofrezca eltas vozes contra la prosanidadseñorantes que yo con diguiera tal dicha no ignoraba vs i que yo avia predicado com alguncre dito,"vir.evacuavi que erant parvuli
Quando vno haze eſtremos , dezi-
mos , que toma el Cielo con las manos :
y es áccion natural levantarlas el dolo-
rido . Por eſtarlo mi corazon las levan-
tò haſta el Cielo de V. S. I. para hallar
en èl conſuelo . No acaſo llamè a eſtos
borrones Vozes del dolor , porque ſi pare-
ciere extremo la accion de dedicarlos
a V.I. la diſculpe lo dolorido , y lleguen
eſtas vozes mas hijas del ſentimiento ,
que del eſtudo , haſta los pies de V.I.
Son Tributo , por eſſo vàn a ſus pies , no a
ſus ojos , que no merecen viſta tan cla-
ra , ni V.S.I. por ningun titulo eſtà com-
prehendido en el aſſumpto .
Algo intentara dezir en el ſignifica-
do de Joſue , y Caleb , y en ſus heroycos
hechos , y virtudes , aplicandolos a V.
S.I. pues la Eſcritura tanto los celebra ;
mas ſoy Miſſionero , y temo no me re-
prehenda S. Pablo . Cum eſſem parvulus , lo-
quebar ut parvulus , ſapiebam ut parvulus , cogi-
tabam ut parvulus . Quando autem factus ſum
vir :","vnohazc, poreftarlo, parahallar, susajos, vs81por, amimpro, eftrañara, debiendo, predicador, magef, xadnole, dedicado, libro, leofrezca, contra, prosanidadseñorantes, diguiera, dicha, ignoraba, predicado, alguncre",85.71428571428571,0.6923076923076923
Ezcaray-Vozes_pdf_page_6_png.rf.e1b75d0411708c3ea7106261562b7b4b,"Correct (Word Accuracy: 91.55%, Levenshtein Similarity: 0.93)",diromegua se dezia en elte nuevo mú do y que algunos borrones mios se lejan imprefsos en efsa corte pues v s i se lo representd a su mageltad en el insorme y para saber queyoera predicadorbaftan aquellas lineas mas para dar a entender quelo soy de si mageftadno sobran eftas vozes y def engaños aquel es mas predicador de la ma geftad humanzquc loes de la divina y como hafta que divozes desengañá dono sui predicador dcgcsu chrifto no me tuve por predicador de su ma geftad aviendo empezado a serlóícin co años ha en el exeróioto de mifsione ro y predicador apoftblico dedico a vslalgo dela colcha_de mitrabajo y el dolor de miarrepentimientopues predicádo i otrosme desengaño a mi y eltas vozes del dolor no son menos hijas del riempo que perdi enaliñados eltudidsque de las culpasque oy veo na,"dito ( fegun ſe dezia ) en eſte nuevo mũ-
do , y que algunos borrones mios ſe
leian impreſſos en eſſa Corte , pues V.
S. I. ſe lo repreſentò a ſu Mageſtad en
el informe . Y para faber , que yo era
Predicador , baſtan aquellas lineas ; mas
para dar a entender , que lo foy de ſu
Mageſtad , no ſobran eſtas vozes , y def-
engaños .
Aquel es mas Predicador de la Ma-
geſtad humana , que lo es de la Divina ;
y como haſta que di vozes deſengaña-
do , no fui Predicador de Jeſu Chriſto ,
no me tuve por Predicador de ſu Ma-
geſtad . Aviendo empezado a ferlo cin-
co años ha en el exercicio de Miſſione-
ro , y Predicador Apoſtolico , dedico a
V.S.I.algo de la cofecha de mi trabajo ,
y el dolor de mi arrepentimiento ; pues
predicado a otros , me deſengaño a mi ,
y eſtas vozes del dolor , no fon menos
hijas del tiempo , que perdi en aliñados
eſtudios , que de las culpas , que oy veo
na-","diromegua, queyoera, predicadorbaftan, mageftadno, humanzquc, dcgcsu, serlóícin, exeróioto, colcha_de, miarrepentimientopues, eltudidsque, culpasque",91.54929577464789,0.9252450980392157
Ezcaray-Vozes_pdf_page_7_png.rf.07d13d940a3df7f236f776955663c18e,"Correct (Word Accuracy: 95.95%, Levenshtein Similarity: 0.91)",porque efta se acabey se lean en eita corte eftos borrones los pongoala proteccion de vs que viendolos so breefcriros con su nombretendrin en trada en todas partes y llegaran hafta los mas supremos doseles sin que por desaliñados ninguno se la eftorve que ya f quelos eftudios se asimilanalos hombresy el que no riene buena capa d mecenas le dan con la puerrta en los ojos y para queeftos entren en todas partes y aun hafta palacio bafta el que digan somos criados del patriarca mi fñor como son vozes del dolor no lleva aliño ninguno ván efcritas con clari dad nada rienen de aulicases agena ocupacion en los mifsiongros pot ser claras no les salta lo modefto y decen te reprehenden con valorsin lisonjear 2 ninguno porque quando es publica la culpa publica debe ser la reprehen sion peccantes coram ommibus argue r e y ceneri,"nacidas de la profanidad .
Porque eſta ſe acabe , y ſe lean en eſta
Corte eſtos borrones , los pongo a la
proteccion de V.S. I. que viendolos ſo-
breeſcritos con ſu nombre , tendrán en-
trada en todas partes , y llegaràn hafta
los mas ſupremos doſeles , fin que por
defaliñados , ninguno ſe la eſtorve : que
ya ſé , que los eſtudios ſe aſimilan a los
hombres , y el que no tiene buena capa ,
ò Mecenas , le dàn con la puerta en los
ojos ; y para que eſtos entren en todas
partes , y aun hafta Palacio , baſta el que
digan : Somos criados del Patriarca mi ſeñor .
Como ſon vozes del dolor no lleva
aliño ninguno , ván eſcritas con clari-
dad . Nada tienen de Aulicas , es agena
ocupacion en los Miffioneros . Por ſer
claras no les falta lo modeſto , y decen-
te : reprehenden con valor , fin lifonjear
a ninguno , porque quando es publica
la culpa , publica debe ſer la reprehen-
fion. Peccantes coram omnibus argue :
vt &
I. ad Thi cap. 5.
ceteri","pongoala, nombretendrin, quelos, asimilanalos, queeftos, valorsin",95.94594594594594,0.908883826879271
Ezcaray-Vozes_pdf_page_8_png.rf.1b03ee726bb353fb33dc3e1029906012,"Correct (Word Accuracy: 95.62%, Levenshtein Similarity: 0.95)",ecteri timoren babeant docctrina es de san pahlo que no llevan bienlos viciosos diziendo se cícandaliza quando se re prchende mas como no intento agra dara eftoslos menofprecio no refpo diendo a sus compolturas el dia del juizio nos vertmos y se sabr2 quien ef candaliza ellos cometiendo en la pu blicidad enormes culpas d el predica dor reprehendiendolas yvi admita eftas vozes como de va criado suyo que con todo rendimien tolas ofrece logreseseñor mi inten tomerezcan eftos borrones que y i los conozca por criados suyos permi ta sean de los de efcalera arriba para que entren y salganentodas partes prohiben lasleyesque ninguno trayga efpada abierta y la librea del principe haze difsimule aun convn lacayo efpada contra la prosanidad es efte li broabiertas son sus hojas porlo claro sialguno intentare encarcelarlas en la bay,"ceteri timorem habeant . Doctrina es de San
Pablo , que no llevan bien los viciofos ,
diziendo , ſe eſcandaliza quando ſe re-
prehende ; mas como no intento agra-
dar a eſtos , los menoſprecio , no reſpō-
diendo a ſus compoſturas . El dia del
juizio nos verèmos , y ſe ſabrà quien ef-
candaliza ; ellos cometiendo en la pu-
blicidad enormes culpas , ò el Predica-
dor reprehendiendolas ?
V.I. admita eſtas vozes como de vn
criado ſuyo , que con todo rendimien-
to las ofrece . Logreſe , ſeñor , mi inten-
to : merezcan eſtos borrones , que V. I.
los conozca por criados ſuyos : permi-
ta ſean de los de eſcalera arriba , para
que entren , y ſalgan en todas partes .
Prohiben las leyes , que ninguno trayga
eſpada abierta ; y la librea del Principe
haze ſe diffimule aun con vn Lacayo .
Eſpada contra la profanidad es eſte li-
bro , abiertas ſon ſus hojas por lo claro ;
ſi alguno intentare encarcelarlas en la
bay-","bienlos, eftoslos, logreseseñor, salganentodas, lasleyesque, broabiertas",95.62043795620438,0.9491124260355029
Ezcaray-Vozes_pdf_page_9_png.rf.8f66add5391ae93885aaef7c3a1d94da,"Correct (Word Accuracy: 92.36%, Levenshtein Similarity: 0.83)",guardo el sobreefcrito de vi a la cabeza de la iglesia san pedro llamdchrifto vida nueftra desíde el mar eftáva pedro defnudoy parair a donde eftava su maeftro se puso la ru nicay se ciño zanica procinxitje eras enim 1 nudas es misit f2 in mare lo contrario pa rece debia hazer quien para entrar en l mar no sedemmuda vettido quiere entrarel aposol si algunos dirán que sue reverencia a si1 maeftro yo di go queno sira necasidad precisía auzojhbase pedro 4 la rurbulenta cora riente de lasaguas considerabaque por sinada eramas que aquella runica le declaraba por difcipulo de jesi chritto y dixó l apottol pongamo nos la tuntica la ebtea y divisa steque soy de la efcuela de jeluchriftoy ef ta mesicarh y entrará a donde yo por misoloni pudiera entrarni salir i por siette libro ni auñ lugar rendra en,"bayna del filencio , les ſervirà de ref-
guardo el fobreeſcrito de V.I.
A la Cabeza de la Igleſia San Pedro
llamò Chriſto vida nuestra desde el
mar . Eſtava Pedro deſnudo , y para ir a
donde eſtava ſu Maestro ſe puſo la tu-
nica , y ſe ciñò : tunica fuccinxit ſe ( erat enim 
nudus ) & mifit ſe in mare . Lo contrario pa-
rece debia hazer : Quien para entrar en
el mar no ſe deſnuda ? Veſtido quiere
entrar el Apoſtol ? Si . Algunos dirán ,
que fue reverencia a ſu Maestro : yo di-
go , que no , ſino neceſſidad preciſſa .
Arrojabaſe Pedro a la turbulenta cor-
riente de las aguas : confideraba , que
por fi nada era , mas que aquella tunica
le declaraba por Diſcipulo de Jeſu
Chriſto , y dixo el Apoſtol : Pongamo-
nos la tunica , la librea , y diviſa de que
foy de la Eſcuela de Jeſu Chriſto , y ef-
ta me ſacara , y entrará a donde yo por
mi ſolo , ni pudiera entrar , ni ſalir .
Por ſi eſte libro , ni aun lugar tendrá
en
Ioan . cap.  21. verf. 7.
3","llamdchrifto, procinxitje, sedemmuda, auzojhbase, lasaguas, considerabaque, eramas, steque, jeluchriftoy, mesicarh, misoloni",92.36111111111111,0.8295194508009154
Mendo-Principe-perfecto_pdf_page_1_png.rf.76cf64ef32f300e2c8696a208b0f8f46,"Correct (Word Accuracy: 81.07%, Levenshtein Similarity: 0.29)",eao m ne q ea egpnda vec asirisimo señor salen de nené e pampa epor documentos polívicos y moraler _ sy parasormaron principe persetto y adinisivos aja dd pados por auerse delpachado en riempo bxene la ir apzair presian primera helos añadido de nuevo y exornado con esiampas de emblemas que con mas balago de los ojos pongan a la visia las enseranzas consagro d la mageflad carolica de muebtro monarca la primera vez efc libro y para que buelua mejorado afl reales manos le pongo en las de v51 de quien le admitira con los agrados que tienen d su magesiad merecidos sas grandes y conti muados sermicios como sino vuiera s1 heredado de suus excellenti simos progenitores ser guzman el buero con sus acciones ha gran ea eado patriarcha de las indias arzobifpo de tyro limoshero mayor del rey nueftro señor don selipe 1 v el grande rey de las efpañas del consejo de su mageltad y luez eclesisftico ordinario de u real capilla casa y corte,"AL
ILLVSTRISSIMO
SEÑOR
DON 
ALONSO
PEREZ
DE 
GVZMAN 
EL 
BVENO
PATRIARCHA 
DE 
LAS INDIAS,
INDIAS,
Arzobiſpo de Tyro, Limofnero mayor del Rey
Nuestro Señor Don Felipe IV. el Grande Rey de
las Eſpañas, del Conſejo de ſu Mageſtad , y luez
Eclefiaſtico Ordinario de ſu Real Capilla , Caſa ,
y Corte .
EGVNDA vez , ( Illuſtriſſimo Señor ) ſalen de
la estampa estos Documentos Politicos , y Morales
para formar vn Principe perfetto , y Ministros aju-
ſtados , por auerſe deſpachado en tiempo breue la Im-
prefion primera . Helos añadido de nueuo , y exornado
EGVNDA vez , ( Illuſtriſſimo Señor ) ſalen de
la estampa estos Documentos Politicos , y Morales
para formar vn Principe perfetto , y Ministros aju-
ſtados , por auerſe deſpachado en tiempo breue la Im-
prefion primera . Helos añadido de nueuo , y exornado","asirisimo, parasormaron, adinisivos, apzair, emblemas, balago, ojos, pongan, visia, enseranzas, consagro, carolica, monarca, libro, buelua, mejorado, pongo, quien, admitira, agrados, tienen, merecidos, sermicios, como, sino, vuiera, heredado, excellenti, simos, progenitores, acciones, eado",81.06508875739645,0.2877005347593583
Mendo-Principe-perfecto_pdf_page_2_png.rf.54f883ecce6aef501e4ef9c219eacae0,"Correct (Word Accuracy: 99.09%, Levenshtein Similarity: 0.92)",geado el sirlo lagrándo diguamente en nueftro monarcha la grachii en su corta el cariño en el orbe todo la eftimacion y la sama eu la posieridad el que es comun amparo no se negard a serlo desia obra calisicandola cor leerla honrandola con admitirla y patrocinandola com repecir en nombre de sua autor d f magesiad efle obsequio que _sindo idea de un principe persecio le retrata al vino como tam bien d 7s1 sendo efpejo de minisiro ajusiado cuya vida pro fpere el cielo en lamayor grandeza para el bien y selicidad publica salamanca noxiembre 15 de 1659 humilde capellan de vsi que f mano besa andres mendo,"geado el ferlo s logrando dignamente en nuestro Monarcha la gracias
en ſu Corte el cariño : en el Orbe todo la eſtimaçion , y la fama en la
poſteridad . El que es comun amparo , no ſe negarà à ferlo deſta Obra :
calificandola con leerla : honrandola con admitirla : y patrocinandola
con repetir en nombre de ſu Autor à ſu Mageſtad eſte obſequio , que
fiendo Idea de un Principe Perfecto , le retrata al vivo , como tam-
bien à V.S.I. ſiendo eſpejo de un Miniſtro ajustado . Cuya vida pro-
ſpere el cielo en la mayor grandeza para el bien , y felicidad publica .
Salamanca Nouiembre 15. de 1659 .
Humilde Capellan de V.S.I. que ſu mano beſa .
ANDRES
MENDO.",grachii,99.0909090909091,0.9235772357723577
Mendo-Principe-perfecto_pdf_page_3_png.rf.ed18a9122c9b8a1c15fa9ea578ea3e50,"Correct (Word Accuracy: 95.36%, Levenshtein Similarity: 0.74)",a uy sidad de dalamanea oxn comilion del uluftrisimo señor don enan perez delgado obifpo de salamanca del consejo de f mageftad fc leydo con arencion efte libro de documentos politi cos y morales para vn principe persecto y miniftros ajuñtados que eseribid nueftro muy reucrendo padre andres mendo de la compañia de jsvs lecior que sue aquide theologia y elcrieura reétor del colegio de irlandeses defta v niuersidad y calisicador del con sejo de la ingnisicion suprema consieso mi dicha por auerla tenido en participar noticias de ranca erudicion asi sagradacomo prosanaantes que la eftampa las co manicase a todos bienque nunca pueden hazerfc yul garespor mas que se solicire su vrilidad alauror le har puesto sus eseritos en la primera clase deftos tiempos fnque efte lugar pueda contronertirsele la desarencion mas injufta no ay empeño de letrasa que no sarissaga con su caudal ventajosolo extraerdinariolo rarose lo reserodla providencia con tanto acierco que la senda mas eftrecha la haze camino real a la rarea incesable de f eftudiosidad no ay rumbo por defcubrir al norce de f ingenioni afpereza por fxcilirar a su huella señas son eftasde sus libros de la exposicion de la bullaide ture academicode ordinibus milivaribus s obras may alia del aplauso mas encarecido en elta el mecodo la asegura de censuradiftribuyendo las virtudes morales de yo prin cipe con ilacion que hafta en la vaciedad suele echarse xnenos la consequencia el eítilo le pm_rmiºm ec 3 e an o l be c ir o d a aprobacion del dotor dfrancisío de puga y seiyoo colegial del colegio mayor del arxobilpo de toledoy cathe dratico de prima de canones de la vni nersidad de salamanca,"APROBACION
Del Doctor D.Francisco de Puga , y Feijoo , Colegial del
Colegio Mayor del Arzobispo de Toledo , y Cathe-
dratico de Prima de Canones de la Vni-
uerſidad de Salamanca .
P Or Comiſion del Illuſtriſſimo Señor Don
Iuan Perez Delgado Obiſpo de Salamanca ,
del Conſejo de ſu Mageſtad ; He leydo con
atencion eſte libro de Documentos Politi-
cos , y Morales para vn Principe Perfecto , y Miniſtros
ajuſtados , que eſcribiò nuestro muy Reuerendo Padre
Andres Mendo de la Compañia de IESVS , Lector que
fue aqui de Theologia , y Eſcritura , Rector del Colegio
de Irlandeſes deſta Vniuerſidad , y Calificador del Con-
ſejo de la Inquificion Suprema . Confieſo mi dicha , por
auerla tenido en participar noticias de tanta erudicion
aſi Sagrada , como Profana , antes que la eſtampa las co-
municaſe à todos ; bienque nunca pueden hazerſe vul-
gares , por mas que ſe ſolicite ſu vtilidad . Al Autor le han
pueſto ſus Eſcritos en la primera Claſe deſtos tiempos ,
fin que eſte lugar pueda controuertirſele la defatencion
mas injuſta . No ay empeño de letras , à que no ſatisfaga
con ſu caudal ventajoſo . Lo extraordinario , lo raro , ſe lo
referud la prouidencia con tanto acierto , que la ſenda
mas eſtrecha la haze camino Real à la tarea inceſable
de ſu eſtudioſidad . No ay rumbo por deſcubrir al norte
de ſu ingenio , ni aſpereza por facilitar à ſu huella . Señas
ſon eſtas de ſus libros de la Expoſicion de la Bulla ; De Iure
Academico ; De Ordinibus Militaribus ; Obras mas alla del
aplauſo mas encarecido . En eſta el metodo la aſegura de
Cenfura , diſtribuyendo las Virtudes morales de vn Prin-
cipe con ilacion ¦ que haſta en la variedad ſuele echarſe
menos la confequencia . El eſtiſo le proporciona à la ſe-
sie","sidad, uluftrisimo, sagradacomo, prosanaantes, garespor, alauror, extraerdinariolo, reserodla, fxcilirar, eftasde, bullaide, censuradiftribuyendo, pm_rmiºm",95.35714285714286,0.7359516616314199
Mendo-Principe-perfecto_pdf_page_4_png.rf.33729731d0285c3f8f8001a99bdff875,"Incorrect (Word Accuracy: 42.51%, Levenshtein Similarity: 0.51, Missing: acumbre, fpctacion, alaja, eftimable, encumbre, aseétacion, alaja, eftimable, prodenciaque, pluma, remoncada, uierne, buelos, peío, marerias, quantos, nocenal, autorje, oydo, frequentemére, pitos, venerado, primer, credico, efte, exerciciocon, saben, lineaaque, llega, cioquen, cianunea, inserior, tullioy, demofthenesla, lidad, libro, conoce, sinque, pretende, enseñanza, ldea, principe, perseéto, gena, clte, alma, cabeza, cuerpo, republicas, bien, deja, entenderquan, bcngus, influécias, causara, suvirrud, coftumbres, vasallos, quanta, mejor, obrarán, eftos, aduertidos, suexemplocon, hallarin, efta, obralos, principes, aprendor, vasallosque, imitar, codos, quanra, enseñanza, chriftia, política, condutepara, lber, goternary, obedecer, ardua, empresa, esanimar, losojos, essera, superior, como, monarca, sucle, gran, deza, dejar, defmayadala, perfpicaz, vifta, pera, persecto, aurorson, serenas, rigu, sune, toías, luces, exisimare, quidem, principe, nemini, tancini, navo, veftibulo, inguirensemrepcilit, objetta, ventratio, siquí, mentcen, propios, adegerunt, quod, ocudis, solem, consendentibus, cuenit, prefritia, acie, videndi, suenlearo, caruerunt, verion, sipansectas, iniventera, julgor, recundit, lumos, insitas, delmaydelte, peligro, clanimode, auror, para, dejarde, proseguir, elta, obra, hallo, grandecida, religion, esinerada, politicasla, cortesania, iluftrada, coftumbres, corregidas, erudicion, sagrada, hiftorica, poérica, primorosa, cleamen, rodo, puedo, dezir, lireraruralo, grande, basilio, dijo, nazianzeno, qued, difciplina, genas, atagra, momcalluit, quod, excellentia, ranguaso, ipsi, animuro, adieceris, quidern, onenes, comprebeudirue, dusvmana, summar, singulas, alias, mibi, omeiad, deorar, magat, desitim, mazarime, paño, compentinl)",t acumbre la fpctacion oue es alaja muy eftimable le encumbre la aseétacion que es alaja muy eftimable de la prodenciaque la pluma por si mas remoncada go uierne sus buelos al peío de las marerias quantos co nocenal autorje ban oydo frequentemére n los pul pitos y le han venerado con el primer credico en efte exerciciocon que saben la lineaaque llega su cioquen cianunea inserior á la de tullioy demofthenesla vri lidad del libro se conoce del sinque por el se pretende su enseñanza es la ldea de yn principe perseéto y gena do clte 8 alma 6 cabeza del cuerpo de la republicas bien se deja entenderquan bcngus influécias causara suvirrud en las coftumbres de sus vasallos y quanta mejor obrarán eftos aduertidos de suexemplocon gue hallarin en efta obralos principes que aprendor y los vasallosque imitar y codos quanra enseñanza chriftia nay política condutepara lber goternary obedecer ardua empresa esanimar losojos d essera ran superior como la de vn monarca en que sucle el sol de la gran deza dejar defmayadala mas perfpicaz vifta pera co mo le dea persecto el aurorson mas serenas que rigu sune toías sus luces exisimare quidem de principe nemini tancini sas eft navo in veftibulo su0 inguirensemrepcilit objetta ventratio c siquí mentcen propios adegerunt quod ocudis in solem sa consendentibus cuenit prefritia acie videndi suenlearo caruerunt verion sipansectas ic iniventera men julgor recundit fd m lumos insitas e delmaydelte peligro clanimode auror para dejarde proseguir elta obra en que yo hallo en grandecida la religion esinerada la politicasla cortesania iluftrada las coftumbres corregidas la erudicion así sagrada co mo hiftorica y poérica primorosa y m cleamen te rodo que puedo dezir de sa lireraruralo que del nax grande basilio dijo nazianzeno qued difciplina genas y atagra momcalluit 2 imb quod nos ca excellentia ranguaso ipsi mi animuro adieceris sic quidern onenes comprebeudirue mul dusvmana y sic ad summar singulas ve alias mibi omeiad i deorar d magat desitim mazarime ia paño d compentinl i,"r
i
e
d
a
d
 
d
e
l
 
a
f
u
m
p
t
o
 
,
 
v
ſ
a
u
d
o
l
e
 
g
r
a
u
e
 
,
 
y
 
p
o
n
d
e
r
o
f
o
 
,
 
f
i
n
 
q
u
e


l
e
 
e
n
c
u
m
b
r
e
 
l
a
 
a
f
e
c
t
a
c
i
o
n
 
;
 
Q
u
e
 
e
s
 
a
l
a
j
a
 
m
u
y
 
e
f
t
i
m
a
b
l
e


d
e
 
l
a
 
p
r
u
d
e
n
c
i
a
 
,
 
q
u
e
 
l
a
 
p
l
u
m
a
 
p
o
r
 
f
i
 
m
a
s
 
r
e
m
o
n
t
a
d
a
 
g
o
-


u
i
e
r
n
e
 
ſ
u
s
 
b
u
e
l
o
s
 
a
l
 
p
e
s
o
 
d
e
 
l
a
s
 
m
a
t
e
r
i
a
s
 
.
 
Q
u
a
n
t
o
s
 
c
o
-


n
o
c
e
n
 
a
l
 
A
u
t
o
r
 
,
 
l
e
 
h
a
n
 
o
y
d
o
 
f
r
e
q
u
e
n
t
e
m
é
t
e
 
e
n
 
l
o
s
 
p
u
l
-


p
i
t
o
s
 
,
 
y
 
l
e
 
h
a
n
 
v
e
n
e
r
a
d
o
 
c
o
n
 
e
l
 
p
r
i
m
e
r
 
c
r
e
d
i
t
o
 
e
n
 
e
ſ
t
e


e
x
e
r
c
i
c
i
o
 
,
 
c
o
n
 
q
u
e
 
ſ
a
b
e
n
 
l
a
 
l
i
n
e
a
 
,
 
à
 
q
u
e
 
l
l
e
g
a
 
ſ
u
 
e
l
o
q
u
e
n
-


c
i
a
 
,
 
n
u
n
c
a
 
i
n
f
e
r
i
o
r
 
à
 
l
a
 
d
e
 
T
u
l
l
i
o
 
,
 
y
 
D
e
m
o
f
t
h
e
n
e
s
 
.
 
L
a
 
v
r
i
-


l
i
d
a
d
 
d
e
l
 
l
i
b
r
o
 
ſ
e
 
c
o
n
o
c
e
 
d
e
l
 
f
i
n
 
,
 
q
u
e
 
p
o
r
 
e
l
 
ſ
e
 
p
r
e
t
e
n
d
e
 
.


S
u
 
e
n
f
e
ñ
a
n
z
a
 
e
s
 
l
a
 
I
d
e
a
 
d
e
 
v
n
 
P
r
i
n
c
i
p
e
 
P
e
r
f
e
c
t
o
 
,
 
y
 
ſ
i
e
n
-


d
o
 
e
ſ
t
e
 
ò
 
a
l
m
a
 
,
 
ò
 
c
a
b
e
z
a
 
d
e
l
 
c
u
e
r
p
o
 
d
e
 
l
a
 
R
e
p
u
b
l
i
c
a
 
,


b
i
e
n
 
ſ
e
 
d
e
j
a
 
e
n
t
e
n
d
e
r
 
,
 
q
u
a
n
 
b
e
n
i
g
n
a
s
 
i
n
f
l
u
é
c
i
a
s
 
c
a
u
ſ
a
r
a


ſ
u
 
v
i
r
r
u
d
 
e
n
 
l
a
s
 
c
o
ſ
t
u
m
b
r
e
s
 
d
e
 
ſ
u
s
 
V
a
ſ
a
l
l
o
s
 
,
 
y
 
q
u
a
n
t
o


m
e
j
o
r
 
o
b
r
a
r
á
n
 
e
ſ
t
o
s
 
a
d
u
e
r
t
i
d
o
s
 
d
e
 
ſ
u
 
e
x
e
m
p
l
o
 
.
 
C
o
n
 
q
u
e


h
a
l
l
a
r
a
n
 
e
n
 
e
ſ
t
a
 
o
b
r
a
 
l
o
s
 
P
r
i
n
c
i
p
e
s
 
,
 
q
u
e
 
a
p
r
e
n
d
e
r
 
,
 
y
 
l
o
s


V
a
ſ
a
l
l
o
s
 
,
 
q
u
e
 
i
m
i
t
a
r
 
,
 
y
 
t
o
d
o
s
 
q
u
a
n
t
a
 
e
n
f
e
ñ
a
n
z
a
 
C
h
r
i
ſ
t
i
a
-


n
a
 
,
 
y
 
P
o
l
i
t
i
c
a
 
c
o
n
d
u
c
e
 
,
 
p
a
r
a
 
ſ
a
b
e
r
 
g
o
u
e
r
n
a
r
 
,
 
y
 
o
b
e
d
e
c
e
r
 
.


A
r
d
u
a
 
e
m
p
r
e
ſ
a
 
e
s
 
,
 
a
n
i
m
a
r
 
l
o
s
 
o
j
o
s
 
à
 
e
s
f
e
r
a
 
t
a
n
 
ſ
u
p
e
r
i
o
r
 
,


c
o
m
o
 
l
a
 
d
e
 
v
n
 
M
o
n
a
r
c
a
 
,
 
e
n
 
q
u
e
 
ſ
u
e
l
e
 
e
l
 
ſ
o
l
 
d
e
 
l
a
 
g
r
a
n
-


d
e
z
a
 
d
e
j
a
r
 
d
e
ſ
m
a
y
a
d
a
 
l
a
 
m
a
s
 
p
e
r
ſ
p
i
c
a
z
 
v
i
ſ
t
a
 
;
 
p
e
r
o
 
c
o
-


m
o
 
l
e
 
i
d
e
a
 
p
e
r
f
e
c
t
o
 
e
l
 
A
u
t
o
r
 
,
 
ſ
o
n
 
m
a
s
 
f
e
r
e
n
a
s
 
,
 
q
u
e
 
r
i
g
u
-


r
o
f
a
s
 
ſ
u
s
 
l
u
c
e
s
 
.
 
E
x
i
f
t
i
m
a
r
e
 
q
u
i
d
e
m
 
d
e
 
P
r
i
n
c
i
p
e
 
,
 
n
e
m
i
n
i


m
i
 
f
a
s
 
e
s
t
 
,
 
n
a
m
 
&
 
i
n
 
v
e
s
t
i
b
u
l
o
 
ſ
u
o
 
i
n
q
u
i
r
e
n
t
e
m
 
r
e
p
e
l
l
i
t
 
o
b
j
e
c
t
a


v
e
n
e
r
a
t
i
o
 
;
 
&
 
f
i
 
q
u
i
 
m
e
n
t
e
m
 
p
r
o
p
i
u
s
 
a
d
e
g
e
r
u
n
t
 
,
 
q
u
o
d
 
o
c
u
l
i
s


i
n
 
S
o
l
e
m
 
ſ
e
 
c
o
n
t
e
n
d
e
n
t
i
b
u
s
 
e
u
e
n
i
t
 
,
 
p
r
e
ſ
t
r
i
c
i
a
 
a
c
i
e
 
,
 
v
i
d
e
n
d
i


f
a
c
u
l
t
a
t
e
 
c
a
r
u
e
r
u
n
t
 
.
 
V
e
r
u
m
 
ſ
i
 
p
e
r
f
e
c
t
u
s
 
f
i
t
 
i
n
t
u
e
n
t
e
m
 
n
o
n


i
n
i
q
u
u
s
 
f
u
l
g
o
r
 
r
e
c
u
n
d
i
t
 
,
 
ſ
e
d
 
ſ
e
r
e
n
u
i
n
 
l
u
m
e
n
 
i
n
u
i
t
a
t
 
.
 
N
o


d
e
ſ
m
a
y
ò
 
e
ſ
t
e
 
p
e
l
i
g
r
o
 
e
l
 
a
n
i
m
o
 
d
e
l
 
A
u
t
o
r
 
,
 
p
a
r
a
 
d
e
j
a
r
 
d
e


p
r
o
ſ
e
g
u
i
r
 
e
ſ
t
a
 
O
b
r
a
 
,
 
e
n
 
q
u
e
 
y
o
 
h
a
l
l
o
 
e
n
 
g
r
a
n
d
e
c
i
d
a
 
l
a


R
e
l
i
g
i
o
n
 
;
 
e
ſ
m
e
r
a
d
a
 
l
a
 
P
o
l
i
t
i
c
a
 
;
 
l
a
 
C
o
r
t
e
ſ
a
n
i
a
 
i
l
u
ſ
t
r
a
d
a
 
;


l
a
s
 
c
o
ſ
t
u
m
b
r
e
s
 
c
o
r
r
e
g
i
d
a
s
 
;
 
l
a
 
e
r
u
d
i
c
i
o
n
 
a
ſ
i
 
S
a
g
r
a
d
a
 
,
 
c
o
-


m
o
 
H
i
ſ
t
o
r
i
c
a
 
,
 
y
 
P
o
ë
t
i
c
a
 
,
 
p
r
i
m
o
r
o
f
a
s
 
;
 
y
 
t
a
n
 
ſ
e
l
e
c
t
a
m
e
n
-


t
e
 
t
o
d
o
 
,
 
q
u
e
 
p
u
e
d
o
 
d
e
z
i
r
 
d
e
 
ſ
u
 
l
i
t
e
r
a
t
u
r
a
 
,
 
l
o
 
q
u
e
 
d
e
l


g
r
a
n
d
e
 
B
a
f
i
l
i
o
 
d
i
j
o
 
N
a
z
i
a
n
z
e
n
o
 
;
 
Q
u
o
d
 
d
i
f
c
i
p
l
i
n
a
 
g
e
n
u
s


n
o
n
 
c
a
l
l
u
i
t
 
?
 
i
m
ò
 
q
u
o
d
 
n
o
n
 
e
a
 
e
x
c
e
l
l
e
n
t
i
a
 
,
 
t
a
n
q
u
a
m
 
i
p
ſ
i
 
u
n
i


a
n
i
m
u
m
 
a
d
i
c
c
e
r
i
t
 
?
 
S
i
c
 
q
u
i
d
e
m
 
o
m
n
e
s
 
c
o
m
p
r
e
h
e
n
d
i
t
 
,
 
u
t
 
n
u
l
-


l
u
s
 
u
n
a
m
 
,
 
S
i
c
 
a
d
 
ſ
u
m
m
u
m
 
f
i
n
g
u
l
a
s
 
,
 
u
t
 
a
l
i
a
s
 
m
i
h
i
 
o
m
n
i
n
ò


v
i","acumbre, fpctacion, alaja, eftimable, encumbre, aseétacion, alaja, eftimable, prodenciaque, pluma, remoncada, uierne, buelos, peío, marerias, quantos, nocenal, autorje, oydo, frequentemére, pitos, venerado, primer, credico, efte, exerciciocon, saben, lineaaque, llega, cioquen, cianunea, inserior, tullioy, demofthenesla, lidad, libro, conoce, sinque, pretende, enseñanza, ldea, principe, perseéto, gena, clte, alma, cabeza, cuerpo, republicas, bien, deja, entenderquan, bcngus, influécias, causara, suvirrud, coftumbres, vasallos, quanta, mejor, obrarán, eftos, aduertidos, suexemplocon, hallarin, efta, obralos, principes, aprendor, vasallosque, imitar, codos, quanra, enseñanza, chriftia, política, condutepara, lber, goternary, obedecer, ardua, empresa, esanimar, losojos, essera, superior, como, monarca, sucle, gran, deza, dejar, defmayadala, perfpicaz, vifta, pera, persecto, aurorson, serenas, rigu, sune, toías, luces, exisimare, quidem, principe, nemini, tancini, navo, veftibulo, inguirensemrepcilit, objetta, ventratio, siquí, mentcen, propios, adegerunt, quod, ocudis, solem, consendentibus, cuenit, prefritia, acie, videndi, suenlearo, caruerunt, verion, sipansectas, iniventera, julgor, recundit, lumos, insitas, delmaydelte, peligro, clanimode, auror, para, dejarde, proseguir, elta, obra, hallo, grandecida, religion, esinerada, politicasla, cortesania, iluftrada, coftumbres, corregidas, erudicion, sagrada, hiftorica, poérica, primorosa, cleamen, rodo, puedo, dezir, lireraruralo, grande, basilio, dijo, nazianzeno, qued, difciplina, genas, atagra, momcalluit, quod, excellentia, ranguaso, ipsi, animuro, adieceris, quidern, onenes, comprebeudirue, dusvmana, summar, singulas, alias, mibi, omeiad, deorar, magat, desitim, mazarime, paño, compentinl",42.51497005988024,0.5149863760217983
Mendo-Principe-perfecto_pdf_page_5_png.rf.2b3a45fd2c2ba8bb712d6773d5808bae,"Correct (Word Accuracy: 91.29%, Levenshtein Similarity: 0.62)",licencia del ordinario d0n iuanperez delgado por la gracia de dios y de la sanra sede apoltolica obifpo de salamancadel consejo de su magettad eccpor la presentepor lo que a nostoczdamos licencia para que pueda imprimir el libro intitulado principe persedto y atimisiros ajaftados docamentos politicosy moralescopuelto por el pándres mendo de la compañia de iesus reétor del collegio de irladefts de la v niuersidad defta dichaciudadiaren to de la censura del dottor don francifco de puga y seijocolegial del máyor del arzobifpo de toledo de sa dicha vniversidady carhedracico de prima de ca nones dellaconfta no tiene cosa alguna contra nueftra santa se catholica y buenas coftumbresdada en sala manca 4 seis dias del mes de lulio de 164 6 años juan obifpo de salemanca por mandado del opilpo mi cñor dariemo eerandez mantojo licencia del rtmiguel de arbiza proxincial de la com pañía de tesusen la proxintia de cafsilla misuelde arbiza pronincial de la compañía de iesus en la prouincia de caftillapor elpecial comisionque an ello rengo de nueltro padre gofvvino nikei pteru o general por las preseness doy licencia al d andres mendo religioso de dicña compañiay caliticador de 1a inquisicion supremapara que pueda imprimit yn libro tque ha compueño mtitulado principe persetto y minisivos mjaflador decumenios polkicos y moraler por auciie vio y aprobado personas granesy dottas de nueltra religión quen le cometimos en fc úelogua y para que dello con e damos cftas nueftras 1ckra2madn de nueltro nom bfc seladas conel sello de nueltro osicio en burgos a 27de noniembredr 1656 miguel de arbizo apro videsenr non curafse no ay 0n todo el libro cosa contra nueftra sanra se catholica ni que defdiga de lo moral en las coftumbres conque debe darsele la licenciaque pidc enelte collegio del arzobifpo de toledo mi señorel mayorde salamanca lulio 3de 1656 doésor dorn franciseo de puga y sejon,"videatur non curaffe . No ay en todo el libro coſa contra
nueſtra Santa Fe Catholica , ni que deſdiga de lo moral
en las coſtumbres ; conque debe darſele la licencia , que
pide . En eſte Collegio del Arzobiſpo de Toledo mi
Señor , el Mayor de Salamanca , Iulio 3.de 1656 .
LICENCIA DEL ORDINARIO .
On Iuan Perez Delgado por la gracia de Dios , y de
la ſanta Sede Apoſtolica Obiſpo de Salamanca , del

Conſejo de ſu Mageſtad , &c . Por la preſente , por lo que
à Nos toca , damos licencia , para que ſe pueda imprimir
el Libro intitulado Principe Perfetto , y Miniſtros ajuſtados ,
Documentos Politicos , y morales , cópuesto por el P.Andres
Mendo de la Compañia de Iefus , Rector del Collegio
de Irlandeſes de la Vniuerſidad deſta dicha Ciudad ; aten-
to , de la cenfura del Doctor Don Franciſco de Puga , y
Feijo , Colegial del Mayor del Arzobiſpo de Toledo de-
ſta dicha Vniuerſidad , y Cathedratico de Prima de Ca-
nones della , conſta , no tiene coſa alguna contra nueſtra
ſanta Fe Catholica , y buenas coſtumbres . Dada en Sala-
manca à ſeis dias del mes de Iulio de 1656. años .
Inan Obispo de Salamanca . Por mandado del Opiſpo mi ſeñor .
Bartolome Fernandez Montejo .
Licencia del R.P. Miguel de Arbizu Prouincial de la Com-
pañia de Iefus en la Prouincia de Caſtilla .
Miguel de Arbizu Prouincial de la Compañia de Iefus
en la Prouincia de Caſtilla , por eſpecial comiſion , que
para ello tengo de nuestro Padre Gofvvino Nikel Prepo-
ſito General , por las preſentes doy licencia al P.Andres
Mendo Religioſo de dicha Compañia , y Calificador de la
Inquificion Suprema , para que pueda imprimir vn Libro ,
que ha compuesto , intitulado Principe perfecto , y Miniſtros
ajuſtados , Documentos Politicos , y Morales , por auerle viſto , y
aprobado perſonas graues , y doctas de nuestra Religion , à
quien le cometimos . En fe deloqual , y para que dello con-
ſte , damos eſtas nuestras letras firmadas de nuestro nom-
bre , y felladas con el fello de nuestro oficio . En Burgos à
27.de Nouiembre de 1656 . Miguel se Arbizn APRO","iuanperez, salamancadel, eccpor, presentepor, nostoczdamos, atimisiros, moralescopuelto, irladefts, dichaciudadiaren, seijocolegial, dellaconfta, coftumbresdada, dariemo, tesusen, misuelde, caftillapor, comisionque, pteru, supremapara, mjaflador, auciie, úelogua, 1ckra2madn, noniembredr, videsenr, licenciaque, enelte",91.29032258064517,0.6183727034120735
Mendo-Principe-perfecto_pdf_page_6_png.rf.e89bc90c6367ac87e66af14cd6cab73e,"Correct (Word Accuracy: 91.11%, Levenshtein Similarity: 0.67)",berrs e orden y comision de v ahevifto coy meo aual cuyazdo que guto valibro euyotinle do ss rrincipe perseciosy 2dinisiros ajusiados docu mentos pelíticos y moralesy cuyo autbor es el muy rpadre andres mendo de la compañiade sesus re eor del colegio de irlandeses de salamancaledtor de theologiay efcrivura y calisicador del consejo de la inquisicion suprema y defpuesde no auerenconera do proposicion alguna que se oponga al sincero senrir de rueltra carbolica ráwu dial honefto proceder de las chriftianas coftumbres suzgo no solo por de leytablessino por sumamente veiles eftos documentos dirigidosy consagrados a la crudicion y enseñanza g gular de los principes y monarchas alabo la eleccion pues como dijo lipsos lemoribws aue frientiós aliguid precpiledandem e usimn habes y e nonmagis in ecguo e adminisivatione ciusli r cuen illic vmuna alíguens ciueuo meliorems dobtioremo sacias hic in vne ormes el sa ar 4 va principe consumado eftudiante en el arto de gouernar es lo mifmo que hazer dodto y sabio 10 do el principado pues de aquel primer mobil depca dentas acciones y de aquella cabeza las influencias á rodo lo retante del cuerpo y enlos libros es ia duda que beben mas fyncera y pura la enseñanzs que en orros medios que como dijo el doctisimo éftadifta hablando con los principes sunt apad ves jateorqui consilij sui copiam asidu vir 7 ad e ii a ac a a aprobacion ta proso d 6b bobicionr del reuerendisimo padrc maesiro fray dicgo niseno 1708 mezes pronincial y aora defnidor mayor de la prosincia de chla del orden de 5basilio magno doctor de za teleha m bp s,"APROBACION
Del Reuerendiſsimo Padre Maeftro Fray Diego Niſeno , tres
vezes Prouincial y aora Definidor mayor de la Prouincia
de Caſtilla , del Orden de S.Bafilio Magno , Doctor de
la Igleſia .

M. P. S.
E Orden y Comiſion de V. A. he viſto con
igual cuydado , que gusto , vn libro , cuyo titulo
es ; Principe Perfecto , y Miniſtros ajuſtados , Docu-
mentos Politicos , y Morales . Y cuyo Author es el muy
R.Padre Andres Mendo de la Compañia de Iefus , Re-
ctor del Colegio de Irlandeſes de Salamanca , Lector de
Theologia , y Eſcritura , y Calificador del Conſejo de la
Inquificion Suprema . Y despues de no auer encontra-
do propoficion alguna , que ſe oponga al ſincero ſentir
de nuestra Catholica Religion , ni al honeſto proceder
de las Chriſtianas Coſtumbres ; Juzgo no ſolo por de-
leytables , fino por fumamente vtiles eſtos Documentos
dirigidossy confagrados à la erudicion , y enfeñanza fin-
gular de los Principes , y Monarchas . Alabo la eleccion ,
pues como dijo Lipſios In moribus , aut ſcientiis aliquid
pracepiffe , laudem , & vſum habet ; & non magis in Regno ,
& adminiſtratione ciuili ? Cum illic vnum aliquem ciuem
meliorem , doctioremvè facias ; hic in vno omnes ; El fa-
car à vn Principe confumado eſtudiante en el arte
de gouernar , es lo mismo , que hazer docto , y ſabio to-
do el Principado , pues de aquel primer Mobil depen-
den las acciones , y de aquella Cabeza las influencias
à todo lo reſtante del cuerpo . Y en los libros , es fin
duda , que beben mas fyncera , y pura la enfeñanza ,
que en otros medios ; Que , como dijo el doctiſſimo
Eſtadiſta hablando con los Principes ; Sunt apud vos ,
fateor , qui confilij ſui copiam aßiduè faciant , ſed vtinam con-
ſilij
In prafat, ad lib Fditicor","berrs, ahevifto, euyotinle, perseciosy, 2dinisiros, salamancaledtor, defpuesde, auerenconera, ráwu, leytablessino, lemoribws, frientiós, precpiledandem, nonmagis, ecguo, vmuna, alíguens, dobtioremo, éftadifta, jateorqui, proso, bobicionr, 1708, teleha",91.11111111111111,0.6660412757973734
Mendo-Principe-perfecto_pdf_page_7_png.rf.fead3858d524723827122001aeaae940,"Correct (Word Accuracy: 94.08%, Levenshtein Similarity: 0.87)",hg semper sidier refti por lo qual preguntado aquelía eb6 i pientisimo rey alsonso de aragon y el frimero de napoles quales cran los mas disereros y desapañona dos consegeros refpondió que los muertos enren diendo por ellas a los libros seisiezs dize el mifmo lipso 4 hac ralia monimentaintetigens qui nibil elan dieusesnibil cclanses puram meramgue propinant verita em en efte libro pues hallarán los reyes vn consege ti ro prudente yn macltrodesengañado vn efpejo chri salino vna clara suente de donde beban enseñanzasy copien aduertimientos sino ya vna efplendida mesa limpiay aseadadonde en plaros de calto lenguaje se sir uen varios manjares de crudiciony enseñanzasen la conicodulzoy agradable esilo con que ée waga sibro samente la amarga pildora de la verdad que efte es verdaderamente el lengúaje laconico de que habló nueftro gran nazianzenolaconice loguion ese ur puras em1 pancas siilabas seribere fd de plurimis rebus pañcas no eña rodo en las pocas palabras pues en fylabas pocas d puedeno decirle nada e pueden encerrar desaciore tos muchos pero nueftro auror cumple exactamento ton el senvir de naziauzeno puesen a efpañol laco mico abrara dilaradisimos campos de sentencias ran ase adamente dichasy ran curiosamente adornadas que es vifkosa la atauxia y deleytable la caragea con que ea ingeniadaefla opetosióma carea compuetta para glir d ser bien vifta y aclamada al tearro del orbe porlo qel juzgo que sutiga van dosía an eradies y an bien lada ha de ser bien admitida de vodos siruiendofs va de darlalicencia que pide el autor para que el erico ran ingeniosamente artisiciido goze de la comun vsura dela luz para abuyentar únbisdgmtncu introducir refplandores de aduerecncias en ci gran basiliode madrid s agolto 10det656 fr dirgo misemo tipsens bidem,"filij femper fidi , & recti . Por lo qual preguntado aquel fa-
pientiffimo Rey Alfonso de Aragon , y el Primero de
Napoles ; Quales eran los mas difcretos , y deſapafiona-
dos Confegeros ? Refpondiò ; que los Muertos ; enten-
diendo por ellos , à los libros ; Scilicèt ( dize el mismo
Lipfio ) & hac talia monimenta intelligens , qui nihil blan-
dientes , nihil celantes , puram , meramque propinant verita-
tem . En este libro pues hallaràn los Reyes vn Conſege-
ro prudente : vn Maeſtro deſengañado : vn Efpejo chri-
ſtalino : vna clara fuente , de donde beban enseñanzas , y
copien aduertimientos ; fino ya vna eſplendida meſa ,
limpia , y afeada , donde en platos de caſto lenguaje ſe fir-
uen varios manjares de erudicion , y enseñanzas , en La-
conico , dulze , y agradable eſtiſo , con que ſe traga ſabro-
famente la amarga pildora de la verdad . Que este es
verdaderamente el lenguaje Laconico , de que hablò
nuestro gran Nazianzeno , Laconicè loqui , non est , ut putas ,
paucas fyllabas fcribere , sed de plurimis rebus paucas . No
eſtà todo en las pocas palabras , pues en fylabas pocas ò
puede no decirſe nada , ò ſe pueden encerrar deſacier-
tos muchos . Pero nuestro Autor cumple exactamente
con el ſentir de Nazianzeno , pues en ſu Español Laco-
nico abraza dilatadiſimos campos de ſentencias tan afe-
adamente dichas , y tan curioſamente adornadas , que es
viſtoſa la atauxia , y deleytable la taraçea , con que eſtà
ingeniada eſta operosiſima tarea , compuesta para ſatir à
ſer bien viſta , y aclamada , al Teatro del Orbe . Por lo
qual juzgo , que fatiga tan docta , tan erudita , y tan bien
hablada ha de ſer bien admitida de todos ; firuiendoſe
V.A. de dar la licencia , que pide el Autor , para que Ef-
crito tan ingenioſamente artificiado goze de la comun
vfura de la luz , para ahuyentar tinieblas de ignorancias ,
è introducir reſplandores de aduertencias . En el gran
Bafilio de Madrid ; Agoſto 10. de 1656 .

Fr. Diego Niſeno .
Epift. 3.
Lipfius ibidcm.
Lipfius ibidcm.","disereros, seisiezs, monimentaintetigens, dieusesnibil, macltrodesengañado, aseadadonde, conicodulzoy, nazianzenolaconice, loguion, siilabas, ingeniadaefla, opetosióma, eradies, darlalicencia, únbisdgmtncu, 10det656, tipsens",94.07665505226481,0.8697068403908794
Mendo-Principe-perfecto_pdf_page_8_png.rf.28082bf457a0e865ef14f115c3f2c1cf,"Correct (Word Accuracy: 89.67%, Levenshtein Similarity: 0.85)",jamsrie viendo obleruado en la continua leccionde suarndo varios libros muchos succios difcurlos y den si rencias de que sormar la idea de vna psicc pertceto y de sus miniftros ajuftados llegué d leer los embiemas latigos gac el señor don iuan de solorza m persira del contejo de sí magellad en los supre mos de cañftilla y iadias efcridió entre las demas obras suyas dignas de eternos bronzes vilos atenra mente aun antes dedarse 4 la eftampa porauersemo cometido su censirra y aprobacion para imprimirlos admiré las noticias erudicion y copía pero aduir tiendo que a muchos el larin en semejantes marerias nolisongea el gufto y lo disuso les ocasiona redio me parecid buena ocasion de hazer vn abítracto en nueltro idioma y entresacandolos asumpros mas selegos y con orro merodo difposicion y eftilo abadiendo mu ehas observraciones mías sarmar v breue epilogo que consacilidad se manejate nesuecarto el desbelo aun que es pequeño el libra que la cofta de ingrniomanca cha de rancear par el hulro empeñónas mas dosizac cion cl juzgarla por oblequio del señor dori luan de solorzavosenix defte siglopor rnico en el aliño de las mejores masas ya seueras yasuaves conquien mnc samiliarcomunicacion que manóraid moreceriai oftre ha amiltad y aunqueno pude excenrártba sincza en 1u vidaporquecon senimienrocommide rodala be publica lirerariale sobrenina ja muercequise cumplirla con fbs cenizas sindércnér mi venérecion l paío en llegando 4 la v rasporqueleguia ta verdadíno lalison ja ó conveniencia deevueme algun riempo en sacar a juz ese rrabajo rccelosó de que quien eleribe en ca rellano trec a a d d dd t ezo na razon de la obra,"VIENDO obſeruado en la continua leccion de
varios libros muchos ſuceſos , diſcurſos , y ſen-
tencias , de que formar la Idea de vn Principe
Perfecto , y de ſus Miniſtros ajuſtados , lleguè à leer los
Emblemas Latinos , que el Señor Don Iuan de Solorza-
no Pereira del Conſejo de ſu Mageſtad en los Supre-
mos de Caſtilla , y Indias , eſcriuiò , entre las demas
Obras ſuyas dignas de eternos bronzes . Vilos atenta-
mente , aun antes de darſe à la eſtampa , por auerſeme
cometido ſu cenfura , y aprobacion , para imprimirlos .
Admirè las noticias , erudicion , y copias ; pero aduir-
tiendo , que à muchos el Latin en ſemejantes materias
no lifongea el guſto , y lo difuſo les ocafiona tedio , me
pareciò buena ocafion de hazer vn abſtracto en nuestro
Idioma , y entrefacando los afſumptos mas ſelectos , y
con otro metodo , diſpoſicion , y eſtiſo , añadiendo mu-
chas obſeruaciones mias , formar vn breue epilogo , que
con facilidad ſe manejaſe . No fue corto el desbelo , aun-
que es pequeño el libro , que la coſta de ingenio nunca
ſe ha de tantear por el bulto . Empeñòme mas à eſta ac-
cion , el juzgarla por obſequio del Señor Don Iuan de
Solorzano , Fenix deſte Siglo , por vnico en el aliño de las
mejores Muſas , ya ſeueras , ya ſuaues , con quien tuue
familiar comunicación , que llamára , à merecerla , eſtre-
cha amiſtad . Y aunque no pude executar eſta fineza en
ſu vida , por que con ſentimiento comun de toda la Re-
publica literaria le ſobreuino la muerte , quiſe cumplirla
con ſus cenizas , fin detener mi veneracion el paſo en
llegando à la Vrna , por que le guia la verdad , no la lifon-
ja , ò conueniencia . Detuueme algun tiempo en facar à
luz eſte trabajo : receloſo , de que quien eſcribe en Ca-
ſtellano ,
RAZON DE LA OBRA.","jamsrie, suarndo, psicc, pertceto, efcridió, porauersemo, entresacandolos, consacilidad, nesuecarto, ingrniomanca, empeñónas, dosizac, solorzavosenix, siglopor, yasuaves, conquien, samiliarcomunicacion, manóraid, moreceriai, excenrártba, vidaporquecon, senimienrocommide, rodala, lirerariale, muercequise, sindércnér, rasporqueleguia, verdadíno",89.66789667896678,0.8480392156862745
Mendo-Principe-perfecto_pdf_page_9_png.rf.2f890e1efaae683789abff5eb203fd6d,"Correct (Word Accuracy: 89.74%, Levenshtein Similarity: 0.73)",nellano eltá expuelto 1mas censira porgque te en ticaden vódos 5y émionde que algumgo mo sialt élter parencesisde las gpras larinaale que ea diocrías a rerias y asumpeet per ndercadós h sacado 4 luz quarro tomosy vey difponiendo prros pero muchas personas gravies doólas y disererasque han examinado efta obra con rigida eensiirá wuíwnsos recelos y me inftárog á que la imprimicíc asegurandome de que seriabieradmicida sigo sidíctamieh y emeftale gunda inpreson hado muchas crudiciones oblerua das con nuevo esudio es muy consormeá mi prose son pues el incériro del esdoftiwar via idea de prin cipés chriistios de mihiftros zelosas de sabios rem plados de cortesanos persetos y de toda suerte de personas ajuliadas las authoridades y sentencias sai gradas y prosiaas luarariivel cotendimientoy moue ran cl animo los sucesos serniran de exemplares y ef carmientos las noticias apronecharán deleyrando s y juaro codo será vn efpejo en que se miren y compon zan las cotumbres s con quedale de los rerminos que dista sola la politica el asumpro y y secalisiw de re tigiosa t a o s ha e ae u p ad e u ad a j te a6 ds ra a a yen e e a a pl es ne m rl d 1 anan a zaleat b i o de s a ne er 7 9aí_wx pooo d ne ad f mo en a an _h o n c,"ſtellano , eſtå expueſto à mas cenfura , por que le en-
tienden todos ; y temiendo , que alguno me notaſe eſte
parenteſis de las Obras Latinas , de que en diuerfas ma-
terias , y Afumptos poco ſendercados , he facado à luz
quatro Tomos , y voy difponiendo otros ; Pero muchas
perſonas graues , doctas , y difcretas , que han examinado
eſta Obra con rigida eenfura , me quitáron eſos recelos ,
y me inſtáron , à que la imprimieſe , afegurandome , de
que ſeria bien admitida . Sigo ſu dictamen . Y en eſta ſe-
gunda Impreſion añado muchas erudiciones obſerua-
das con nueuo eſttudio . Es muy conforme à mi profe-
ſion , pues el intento della es , delinear vna Idea de Prin-
cipes Chriſtianos : de Miniſtros zelofos : de Sabios tem-
plados : de Corteſanos perfectos ; y de toda ſuerte de
perſonas , ajuſtadas . Las authoridades , y ſentencias Sa-
gradas , y profanas iluſtraràn el entendimiento , y moue-
ran el animo ; los fuceſos feruiran de exemplares , y ef-
carmientos ; las noticias aprouecharàn deleytando ; y
junto todo ferà vn eſpejo , en que ſe miren , y compon-
gan las coſtumbres ; con que ſale de los terminos , que
dicta ſola la politica , el aſumpto , y ſe califica de Re-
ligioſo .
INDI","porgque, émionde, élter, parencesisde, larinaale, diocrías, asumpeet, ndercadós, disererasque, eensiirá, wuíwnsos, imprimicíc, seriabieradmicida, sidíctamieh, emeftale, incériro, esdoftiwar, chriistios, luarariivel, cotendimientoy, quedale, secalisiw, zaleat, 9aí_wx",89.74358974358975,0.7289795918367348
Paredes-Reglas-generales_pdf_page_1_png.rf.d4f46dd5fc24f3999b7ea7144a7305e1,"Correct (Word Accuracy: 78.29%, Levenshtein Similarity: 0.72)",para los que aprendicrenefte artz y quisieren siber donde 1e echi cada jetra meparcoe que equi ticred bafbnte demonttra ciona guños caxoncitos que quedan en b ancoy tep rienen 0s los esir mgerosa gunas etías dasde que an más que noso ny quros caraberes de rentes recctir e para s pronan eiscron de tiss senguasto amertey no prrita rueltra lo prrmero en quedeve exerótario eimpreflar y es en ciftri buirnara vo qua es leceltirio ho tamarigrarde y remadoy cita 7 on su reg eta porer acucimile la paiia y qu tro dedos de la manoizginierd abangada con el eetopy rárpor es rincinior selos reng ones defpues consalm na dérteh temár vn 43 dos salabracon ordedos pu gar idicesy de cergun vg deftanton lo e afmprentacapi caxa alta y baxa,"Para los que aprendieren eſte Arte , y quifieren ſaber donde ſe
echi cada letra , me parece que aqui tienen baſtante demonſtra-
cion . A gunos caxoncitos que quedan en banco , reparten en e os
los eſtrangeros a gunas etras ig das de que vſan mas que noſo-
tros , y a gunos caracteres dif rentes , neceſſar o para a pronun-
ciacion de ſus lenguas ſo amente , y no para la nueſtra.
Lo primero en que deve exercitarſe e Impreſſor , es en diſtrib-
buir , para lo qua , es neceſſario no tomar grande la tomad , y cita
con ſu reg eta per er encima de la pa ma , y cu tro dedos de la
mano izquierda , ahançada con el dedo po pu gar por es rincipios
de los reng ones . Despues con la m no derech tomar vn , ò dos
palabras , con los dedos pu gar , indice , y de , cur con , y deſcanten
C en","aprendicrenefte, meparcoe, ticred, bafbnte, mgerosa, recctir, eiscron, senguasto, prrita, quedeve, exerótario, eimpreflar, ciftri, buirnara, leceltirio, tamarigrarde, remadoy, acucimile, manoizginierd, eetopy, rárpor, consalm, dérteh, salabracon, idicesy, cergun, deftanton, afmprentacapi",78.29457364341084,0.7214673913043479
